{"Accuracy": 0.9027625, "Precision": 0.8351439826336626, "Recall": 0.852688330197244, "F1-score": 0.8438249731476926}
